,0
SPY,0.04454684040642107
IVV,0.04451021540336322
VTI,0.040874573774114686
VOO,0.04313474316275868
QQQ,0.1255820995721058
VEA,0.028820623341611992
IEFA,0.026151815177752582
AGG,0.001540882348439083
VTV,0.08362996906646261
VUG,0.08155896713328323
BND,0.0015808876030113895
VWO,0.043134693853980124
IWF,0.09576881834408166
IEMG,0.0415974961324564
IJR,0.10111361821510957
VIG,0.04681223577161575
IWM,0.08524246622872322
IJH,0.0997268247656932
VO,0.07123394387672688
IWD,0.07988035407344274
VGT,0.09539289000122983
EFA,0.03260652034212051
GLD,0.054148395148920295
XLK,0.08664462600088052
VXUS,0.03493925623341039
VB,0.086821816634157
VNQ,0.03946889281301567
VCIT,0.0020551023315534826
BNDX,0.0009552761944819974
ITOT,0.04308531481146662
XLF,0.14911902641664967
IVW,0.06610937661469683
BSV,0.0016979543308419187
VYM,0.07427882040838134
VCSH,0.0004609130406074887
TIP,0.00215649522728133
LQD,0.004594162729586734
VEU,0.033563674642872666
SCHX,0.04448716162601314
XLV,0.033563054505451925
RSP,0.09314039538619653
IXUS,0.029157651453626723
IWB,0.04059230289167297
IWR,0.11122394652122186
SCHD,0.06484328643890087
USMV,0.02516559171128349
DIA,0.07286597979242179
EEM,0.04421950177503759
SCHF,0.02745749921609448
IAU,0.053105162913341705
VV,0.047555246645572924
VBR,0.09725728769255232
MBB,0.0015174210106979381
VT,0.03695515862713901
XLE,0.1724760009083309
IVE,0.07568411878237981
QUAL,0.039361678822572375
XLY,0.035246505680194856
ESGU,0.04070849522119094
MUB,0.0007372509555938406
SCHB,0.04294136214127807
DGRO,0.08489568396704388
IGSB,0.0005608445752372871
VGK,0.03857834339871747
MDY,0.09481181080310126
SCHP,0.0020544573191463708
SDY,0.07833789434856586
TQQQ,0.7854859587572363
PFF,0.032219243193148124
SHY,5.5939087360860036e-05
HYG,0.007858098965985938
EMB,0.00922731524651962
DVY,0.07954956067968248
VTIP,0.0006109543111383285
TLT,0.021497581195124103
VXF,0.06251801078531359
JPST,0.00023730605344838808
SPYG,0.06286207980779318
SCHG,0.07912017789984437
XLI,0.08107347731687843
IEF,0.0033467160443412117
VHT,0.034482435941550336
ACWI,0.038455599034717944
VBK,0.047701577843430765
ARKK,0.11609395907441462
SCHA,0.10330426648484224
IUSB,0.001263083416360101
VOE,0.09955596413286039
GOVT,0.002096512609812181
IWP,0.04906340908213256
VLUE,0.05728918558531245
IWN,0.10287889213224605
SPYV,0.06797011965439399
VMBS,0.000754806684241931
EFV,0.04539269195179418
IWS,0.08737867139741534
IUSG,0.05549275290344232
SCZ,0.02192501614657676
MTUM,0.08571738484099113
VTEB,0.0008179963508934124
GSLC,0.04242764827798521
BIV,0.0019810148987751343
XLC,0.06460432923156861
MGK,0.09683602508087596
SPLG,0.043598287314393705
VGSH,0.00011873282223275674
MINT,0.0030508944584067177
BIL,2.8429532166652396
EFG,0.02591785189176317
XLU,0.028445758293338688
XLP,0.02734898222367433
VOT,0.053701632696014454
SHV,0.0006181031469981132
FVD,0.062484814706709205
IWV,0.04432500507069352
GDX,0.14260659020553346
SPDW,0.03314657169005055
IUSV,0.07202498968207295
EWJ,0.035251640750911514
IWO,0.05382079201806293
VFH,0.13773545862314196
SLV,0.354392746149144
IGIB,0.001869114239597464
FDN,0.08791054427881523
IEI,0.0014637708299325548
IYW,0.09903913780989829
SCHV,0.08895760651023289
IJJ,0.11200346628966983
SOXX,0.09454984839982866
SCHM,0.10925261921812615
IBB,0.05930762899340169
VSS,0.021829297781293652
IHI,0.03651509595881195
IJS,0.12023366956598855
NOBL,0.07510807174678198
VGIT,0.0017567760419759445
BBEU,0.02705144377262917
OEF,0.0403463341215045
FTCS,0.036361691682444165
IJK,0.07805459606820775
SCHZ,0.0014740124302546473
SCHO,0.0007034237793104804
SCHE,0.04281384133365078
STIP,0.00031283211356813675
JNK,0.007087835627033586
FNDX,0.06687286338370592
VOOG,0.06339666495658311
USHY,0.056528773128784016
SRLN,0.007636942701638507
SPLV,0.019873377951676947
VONG,0.09671390070162901
EFAV,0.015431101515203544
SMH,0.08737813854151234
BBJP,0.03684692730456655
SPSB,0.00023021234939339872
XLB,0.07082830761449897
MOAT,0.04432700003385573
FPE,0.009528124562769875
RDVY,0.06958765505113686
KWEB,0.10041763922282645
HDV,0.07767890950501632
PGX,0.0063939999266999295
VCR,0.05137730464368969
ESGD,0.024309850594684473
EZU,0.03143230364421366
FLOT,0.00012908504049740776
VONV,0.08189364885400667
FTEC,0.08966422475909527
EWT,0.04188503718736722
DGRW,0.03920935829080164
VTWO,0.09422293297731996
FNDF,0.058288910383169634
SCHH,0.03936148931370139
SUB,0.00026432752585265197
USIG,0.0026632523005258677
XBI,0.09850456544670949
IJT,0.06684410156862201
IDEV,0.04925265904114959
SKYY,0.06463034486192624
IYR,0.03688035222899764
VDC,0.031087247829109887
SPAB,0.0015215228164392766
QLD,0.4016123072804586
ISTB,0.00031956098831226876
CWB,0.07480257064439863
GUNR,0.048917109678855764
LMBS,0.0002028402002367985
ESGE,0.04186722874614437
IGV,0.09683457770038911
ESGV,0.03857168782993183
BLV,0.012674977545160922
BKLN,0.002112581058811423
SPTM,0.045958289416286796
BBCA,0.034571435447755657
ICSH,0.00027921476295681525
VDE,0.1663360135815639
IXN,0.060057594097532585
MCHI,0.06090332816641859
SOXL,0.7547821309471019
ICLN,0.17229749170757644
VPL,0.02856464663626919
LIT,0.39804330309740454
INDA,0.05781690751691024
QYLD,0.06757604667272676
XLRE,0.03618760799106282
SPIB,0.0010113752933459124
PRF,0.08723490365954015
ACWV,0.015833510246344367
SPEM,0.0417621356508014
CIBR,0.060657018160635956
SPMD,0.07279778883367279
VPU,0.028644519727730768
PAVE,0.1267852236574199
SHYG,0.002892378906735128
VCLT,0.01063260470468207
SPYD,0.0934765340604102
IEUR,0.026619901343352716
ARKG,0.2599815093235738
FIXD,0.0016004411108002678
VIS,0.07245079794067373
SLYV,0.1277361260107334
ANGL,0.010434864878454436
SHM,0.0002554567705715995
FNDA,0.0948810145294204
VNQI,0.026997885054028704
MGV,0.0830666594044497
IWY,0.09770839862122492
FALN,0.005682826328826591
SSO,0.15245795456036731
SPTL,0.0193220264652596
FXI,0.05676989783816015
AMLP,0.22206553907809584
FNDE,0.04142909162904811
EWZ,0.14372304620965154
KRE,0.1770083559274305
ONEQ,0.06006423900267716
RPG,0.05163060962905315
ACWX,0.03073739625666706
NEAR,0.002238123529446177
SUSA,0.03945108177627986
EWY,0.06340417398990138
SPSM,0.10543553962615256
QTEC,0.06516792397274249
PDBC,0.019949281283663117
MGC,0.041738006183914426
IDV,0.04418228656473487
BOND,0.0011755071413138772
SJNK,0.002678835544753821
GDXJ,0.20205258528962694
GLDM,0.04456566331657544
FTSM,0.0002440861575770036
DBEF,0.051294537234817965
SPMB,0.001553290202278131
VIGI,0.02078104650492847
VOX,0.04739999412504061
TFI,0.0009078849708531104
XT,0.030570443779695186
AAXJ,0.04142490152861528
SPHQ,0.04199026271257804
DSI,0.04141140873517905
VAW,0.07388598341861802
IQLT,0.028476609170800873
BBAX,0.03373820273115696
IGM,0.10724893642187266
ARKW,0.129505115287538
XSOE,0.044692845442205545
SPTS,8.161498717564709e-05
IAGG,0.0008897774344677144
EWC,0.028558580246123857
IOO,0.03792268067741111
SPXL,0.3111060405208274
TECL,0.6692180904221284
EEMV,0.01975163135536113
HYD,0.005134980293692329
SCHC,0.021161137085846552
SPIP,0.002319025099986346
IXJ,0.029894128730359792
FAS,0.9835128329142393
UPRO,0.3089984711384554
RPV,0.1036136643202511
REET,0.03918958582918962
SCHR,0.0017138239928399064
SPTI,0.0015241059882699344
DLN,0.05751905582967131
EMLC,0.009947831240518831
HEFA,0.05067659442923291
XOP,0.2444343016447668
KBE,0.1523038832511545
IYH,0.03392288617313301
VWOB,0.010694355112976402
GSIE,0.01850043602964626
VSGX,0.02431821730573506
ITB,0.10171120218358609
IGF,0.039776139630031015
VYMI,0.04114328716291403
DON,0.08486177510639951
JETS,0.2170770624717643
RYT,0.05897099995167522
FTSL,0.0032619109421845992
SPHD,0.09103946345429215
KBWB,0.1791547235958497
FHLC,0.03358750426732646
TAN,0.34873235467352837
TOTL,0.0011221276643223188
VONE,0.044316004077426946
VGLT,0.019072265624885988
QCLN,0.2460218145639642
GSY,0.000535989504861425
FV,0.05246219210289691
SLYG,0.06805887240172515
VOOV,0.07260703541220251
ICF,0.043035343850742556
EWU,0.09103465673471564
IXG,0.09671869052796354
ASHR,0.07347402793118957
USRT,0.0517583102258323
VNLA,0.00015808306504954642
BOTZ,0.05219069111409193
FNDC,0.024874219402041674
GVI,0.0007385852056470787
PCY,0.016454952400844054
IYG,0.12872883929780185
NFRA,0.04514561672049261
PBUS,0.04992958670009164
DBC,0.021176497382487964
XHB,0.06538093197474455
PZA,0.0015242820596896042
JHMM,0.1130256255583531
SLQD,0.0003951803175063046
PFFD,0.02578838433899866
IGLB,0.01046875397824748
EWG,0.03490091833156755
FMB,0.0015294652777179394
BAB,0.0062833521852490165
IYE,0.160233208897584
XLG,0.07204681310781659
FEZ,0.07714341878376667
ITA,0.11930229558054282
KOMP,0.11826973958323989
IYF,0.09496524459554616
FLRN,0.00012331971191716047
USO,0.11832224770856423
BSCM,0.002410625753330066
SGOL,0.043254246341418875
COMT,0.01647455401305743
SCHK,0.04292278419868548
GNR,0.05732729150235611
DGS,0.03415069797796215
BSCN,0.002953221932922346
HYLS,0.006449852813087265
JMST,6.68140427783317e-05
ILCG,0.06498398323133805
EPP,0.03910678146791355
HACK,0.045920436682162974
ARKQ,0.07470519000723626
FREL,0.038555550515831545
OIH,0.26811852034912764
AOR,0.01386456313689909
AIA,0.04705010664226046
FBND,0.0016600781652547835
EMLP,0.031036474197434615
HEDJ,0.06206575783526137
PHO,0.03839303418008524
IEV,0.04810329994712108
RWR,0.06498785431535187
PTLC,0.005511314865584877
FTGC,0.012062348756137141
VRP,0.0222249718152987
DXJ,0.08054407527310606
OMFL,0.11488553579005942
TNA,0.5690187148226449
AMJ,0.26306833100365307
PULS,0.0004840148762838331
FXL,0.07514745763997892
FNGU,0.8391845829864829
EMXC,0.03887745832331715
URTH,0.037525947708755364
MDYV,0.11897647746146144
CMF,0.000984992554948796
ITM,0.001641594017728846
FXD,0.056451904126216465
ROBO,0.03677243548719072
FNCL,0.1345524590077502
VIOO,0.09047598004283072
HYMB,0.002560979646836316
FXR,0.0749748139502293
DEM,0.035957868635256386
DES,0.09427076440124584
PDP,0.05935911257102261
RODM,0.02581593574643637
USMC,0.06702479787155809
PRFZ,0.09102600719214368
MDYG,0.07720483565455813
AOM,0.0048968718028913885
USFR,4.43483615498332e-05
FPX,0.15602367141911458
SLY,0.10548814883371274
IYY,0.04576866581442122
FDIS,0.06084228318992349
TDIV,0.03494697936643502
GBIL,0.7778175381214114
CWI,0.026019670321424933
PGF,0.009192868486855507
RWO,0.02983577309562081
HYS,0.0023129669298752108
IYT,0.06564239748579606
XSD,0.0920060542870258
EAGG,0.001400924520911479
TILT,0.04873063468199137
FDL,0.11163271804253701
EWL,0.031321933416404255
BSCO,0.0013694542218217975
QDF,0.042996954393851816
FBT,0.05868048408947606
PBW,0.38340321920908366
FXO,0.09538891611463184
IYC,0.031241075507842914
IBDO,0.0047763720095578156
AOA,0.020926564819411624
COPX,0.09417281933863406
IVOO,0.094907878510273
ICVT,0.09147950862369676
IYJ,0.0609482722702758
XME,0.11260237614123715
SQQQ,1.5831966881061355
VIOV,0.1224835048005179
GXC,0.05669438703031457
SRVR,0.040235219852685696
IBDN,0.0006224858922349006
FXH,0.04668596154443011
EUFN,0.09896012517520075
FIW,0.039179019251025564
TLH,0.010184166399672507
IXC,0.11650516768939892
JPHY,0.003906430698061223
SPHB,0.22221494140221973
BBRE,0.050967211961736626
IBDP,0.0016399192850606156
IMCG,0.05141556579479941
QQEW,0.04566150997397836
PKW,0.05548732153831486
TDTT,0.0006658871309113881
TBT,0.07899971199561956
PSK,0.02454657743557047
RSX,0.05252996078461933
BLOK,0.22684548153634906
HNDL,0.006334977254153912
CQQQ,0.08320053328189607
EWA,0.06293319098676567
DLS,0.017848679804904222
GSG,0.036812563746937005
SPYX,0.04744456603281601
SH,0.06673397526529193
IAT,0.18252477900741382
DRIV,0.06362566506772968
PXH,0.04597386094226156
XMLV,0.023747504991366533
CRBN,0.03226360456631206
GEM,0.03347276922749558
ESML,0.08208909460426948
REM,0.07274606388485817
IHF,0.07733125474051344
EDV,0.0379198855565314
FTC,0.08153817879624378
STPZ,0.00045312628416045226
NULV,0.07619578206674142
IBDQ,0.0024104615922064467
LRGF,0.04781289085345251
HYEM,0.018597423907427645
CGW,0.0330138652749027
PEJ,0.06494609455882941
FTXR,0.110226330573308
URA,0.07409696715177641
IWX,0.09005473504499617
VTHR,0.04709732641392978
FEX,0.0978789619820367
FUTY,0.028738838763327675
LDUR,0.0005529350727529558
FINX,0.06496288721473709
DIAL,0.004827563238834173
IWC,0.05649027532808984
XSLV,0.04076555196669951
PSC,0.11967879263536974
EBND,0.006327477677678084
UITB,0.0012640504663711451
IGOV,0.004219943006319981
SDOG,0.09008761397275855
ROM,0.33615273568891396
QLTA,0.0027774121338358768
COWZ,0.06948321144405323
RWL,0.06596982313837989
MOO,0.04227214904613533
IVLU,0.04928298637975873
NUSC,0.11479683466413287
FTA,0.10090902515600894
REZ,0.06637715329571209
BSCP,0.002814994059796307
IVOG,0.0680041643467986
TIPX,0.0010026129850940198
PXF,0.042688319170199336
JAGG,0.0019497900560289613
IHDG,0.022999419449599438
PPLT,0.08975988541607778
AGGY,0.0013976314841519348
XAR,0.0987888042332672
IGHG,0.010726955984773346
PFXF,0.015701215514769534
SMLF,0.055600430653211456
CXSE,0.06540491608067137
GTO,0.002372689696876057
NXTG,0.03787983042652403
SECT,0.05273892207602383
REMX,0.13393706862418445
CDC,0.0488467817120437
IPAC,0.029547637049155258
LQDH,0.003524805631180651
SUSB,0.0011352130026482765
SPLB,0.009897826499980465
HTRB,0.004735921032787282
QUS,0.05094048043428045
REGL,0.07564494825599871
AOK,0.004538274804036377
UDOW,0.48925856276520185
LABU,0.8455997748447849
IVOV,0.10439297745256194
CFO,0.03589277131118153
UCO,0.44795354028286294
PEY,0.0873462202182421
EMQQ,0.08532954974898191
FNX,0.10411819030995718
DTD,0.07116705326895138
HYDW,0.002703555423458124
FLCO,0.002463623518828253
DBA,0.013953147177121249
FDVV,0.06436161432591193
VTWV,0.09824364072868658
XMMO,0.15983831775878782
FENY,0.15738858885303444
FLQL,0.03841500453659355
RYH,0.03529879481396142
IWL,0.042157830387182835
SIL,0.19203726289593287
IPAY,0.05154464235084913
PICK,0.06490825933030464
PHB,0.004201541300057302
MLPA,0.23625809330270156
NTSX,0.035804636539649944
IAI,0.06935601525712906
KXI,0.02729508260251686
XTN,0.06925573411767394
FYX,0.12784262411863054
KSA,0.030843637467589946
PNQI,0.08978273477846697
NULG,0.04982950099769509
EPI,0.065851969727665
SWAN,0.009698638314821022
BWX,0.004366074182506764
LTPZ,0.01935926504393747
PCEF,0.023407471730770693
FPXI,0.062365451682612004
ILCB,0.038213367074574074
SIVR,0.36309090599955485
EWH,0.04981458000909807
DJP,0.019742985838709128
IBDR,0.002216950592523448
GLTR,0.05318210999887962
GSEW,0.05359861028008274
UYG,0.3607898010240614
PSI,0.10410167899243784
BSJM,0.005822491641243958
FIDU,0.06946508545016063
INTF,0.01984718745204174
ACES,0.19151051745658537
SUSC,0.003165482315181298
QEFA,0.020920131268844847
FCOM,0.04664367772435925
IMTM,0.02276043420552909
FTXN,0.22441250366306084
DIVO,0.08988321261785612
FSTA,0.027485339294985135
SDIV,0.058061842146830966
IMCB,0.10223186686782901
BAR,0.038822326895614725
JMBS,0.0005910533633339725
SMDV,0.0800490006403416
SPGP,0.08525230482643273
ILF,0.11975439739388918
IDU,0.02862900240072842
EMGF,0.03209228625264731
RWX,0.037929995466675845
SMMV,0.030208926539557982
CMBS,0.0036786194090186962
DRSK,0.0036336248694590796
XYLD,0.12192856167176366
DHS,0.07603827095084455
EWW,0.09842254583873858
HDEF,0.039829441737080175
JPIN,0.028902526885737592
MJ,0.19822321100267362
XNTK,0.09879576966846927
VXX,0.43735716548735293
GRID,0.07343058313424189
QAI,0.002127906949319323
IGBH,0.006796047510637394
CORP,0.0027637429368999743
PTNQ,0.003370988435928827
UCON,0.002624859629792169
PWB,0.05524289261577372
EZM,0.09517756289524935
FLJP,0.039034577414025294
DVYE,0.046436688395247165
ILCV,0.0761970018101341
PWV,0.045906624379976425
IFRA,0.07258304511244797
EEMA,0.04384984950340391
GWX,0.022670826111775944
JHML,0.07603770423046803
GIGB,0.0032384008739814716
CNYA,0.0706368004483503
OUSA,0.032467854310316645
HEWJ,0.05742428439907778
RWJ,0.14368374929872263
AGZ,0.0006952160866504915
LVHD,0.07245132503760769
FLTR,0.000363542703793031
TDTF,0.001799048339728905
KBA,0.07013095954763236
GUSH,1.5271441058188744
IYM,0.06761354877697234
MLPX,0.16640289269252515
PFM,0.08476876719989887
IYK,0.09377145009134728
RDIV,0.10229373415147802
BSJN,0.004999255805048148
ONEY,0.0895613249612676
SILJ,0.27782940610505363
EWQ,0.07494318308580775
ONLN,0.09041950550598422
VTC,0.003011218945874013
EQAL,0.08256131318723571
BCI,0.018986162115051303
TBF,0.01998551910103392
JHEM,0.03965724978241728
VTWG,0.049012040157126735
CFA,0.04605986257038835
MUNI,0.0008868130674247688
IDLV,0.01718981396247981
MNA,0.0059123134763808295
JPUS,0.07715715829972296
KRMA,0.17954394941446788
DIV,0.053411217856272425
UVXY,0.9697194493380328
XHE,0.038715030891205794
NUGT,0.8282918119099855
SPGM,0.04487810567336801
EWD,0.0505970721510444
INDY,0.0715782766080223
XRT,0.06694191934711957
BSCQ,0.0018734628857254502
EWX,0.03938987492692748
EES,0.10008191005667871
EPS,0.04488525091406168
LGLV,0.038021870333173995
CATH,0.03947912047907081
VIOG,0.06270993917176902
IBUY,0.0839151916185189
PPA,0.06314966672424874
ESPO,0.057072320261017565
FCTR,0.10020538919246921
EWI,0.03466014527998835
CLTL,0.8293844289494974
MXI,0.032909516770842175
DWX,0.03681303271384571
TLTD,0.030482161555895778
HYGV,0.0052968774492281
ONEV,0.08569026613898001
DWM,0.03162655599944371
IQDF,0.027426007020021514
PID,0.0397893103648755
CALF,0.09631772324269407
KBWD,0.07593291718724215
UUP,0.0033771330329335414
DBEU,0.1057070239580643
SIZE,0.10589769874991783
BNDW,0.0010270168476154674
VNM,0.0374126211231297
HEZU,0.11971998376936081
BBH,0.05318399554137046
USD,0.3472861726257172
FLGB,0.09085348903852673
OUNZ,0.04725561213506189
TMFC,0.21008058114237552
XSVM,0.11151108292311486
GMF,0.04390688740445356
PWZ,0.0016053143045919808
SMMU,0.0006105423318142528
FEP,0.023269981270070444
DMRL,0.014877536676181101
SPXU,0.9852065826314302
HAUZ,0.033469734119584336
FDRR,0.03512676550923865
EWS,0.04340658034667672
CHIQ,0.08564501547482452
NYF,0.0007626743302008127
ERUS,0.06549042510068216
PFFA,0.0330650601294418
DTN,0.0519938651257105
EWP,0.08071011915419195
CEMB,0.005142853563289038
DSTL,0.05199304437057582
FPEI,0.005574193188113283
DWAS,0.08134012479377598
PSCT,0.05378604821032609
SDG,0.029308786866509156
IBDS,0.0028951614805456526
SNSR,0.054946427094510024
PSQ,0.1870490332911032
BIZD,0.06584679770785966
SDS,0.37289620108979826
IYZ,0.0315833828437779
RFG,0.045069386254530976
JHMD,0.03804880773419334
CSM,0.03222667795948933
FGD,0.08774438068666122
LEMB,0.010359630126826808
EMHY,0.01375349522325776
FMAT,0.0765532044432033
RGI,0.0882057069902468
RCD,0.07862821538649657
MMIN,0.0068542368773047025
FM,0.018587752269025797
DDM,0.2625871722341068
FDLO,0.032088115612797265
FXZ,0.0952203064496056
RYF,0.15799119138635856
OGIG,0.11720807797746974
EUSA,0.0741795861935505
IG,0.0029300139593979595
NANR,0.059911900683099685
IMCV,0.0944375043033717
VFVA,0.10921321486358035
FVAL,0.04118973405476057
ERX,0.6588586592754091
YINN,0.49645051983527533
RTM,0.09583157636352371
RHS,0.04747214862459358
VRIG,0.001927206446900125
PDN,0.024202550597661816
ECH,0.15418989021586157
DBB,0.02863882404472553
GSSC,0.07806894612069974
EMCR,0.038430017367580706
PSCH,0.054978775281689304
URTY,0.6134384339137503
QDEF,0.03894527520568537
MDIV,0.035592276414486125
FTLS,0.03832770926195744
VUSE,0.08184775534571015
IRBO,0.04003721729823046
GII,0.04538277390012418
RING,0.14384159609893438
KIE,0.11585588150120439
WIP,0.006645982950529618
AGQ,1.2557466351306303
DNL,0.025274814231851815
GQRE,0.019919430315219616
IGE,0.07015651932848074
GBF,0.0021869844834333267
GNMA,0.0005615774798206872
JQUA,0.04803387595138389
PTMC,0.007425855546357377
RXI,0.043698570000434735
ULST,0.0028570672019131724
FNY,0.06510840844870555
FCG,0.25642719799377894
PREF,0.002398605883093733
VIDI,0.042138218203129366
JVAL,0.06883905240605571
FEM,0.04926957130889128
SVXY,0.11611607663652758
YYY,0.029269602297236356
ISCG,0.04981054693802311
SHYD,0.010456089408671121
BSJO,0.006819945193063101
DBO,0.08484838506234671
ERTH,0.042264150362459646
PJP,0.040455881410769605
SRET,0.06260684478059475
RWK,0.10492701267309382
TPYP,0.07463980662021968
DPST,0.9870010405779142
JHSC,0.0656717651600633
FXN,0.20212399127077263
JNUG,1.1465889430694611
QQQE,0.04495327462422618
VBND,0.002041681897836706
NAIL,0.7508969275660689
FTSD,0.0002931989838002487
PLW,0.007184578969891395
TMF,0.19418584345419376
SDVY,0.1775424178863283
FDT,0.019090162549815066
FNDB,0.06326463984241548
AAAU,0.05119886677377469
FLHY,0.009913094911631871
SPEU,0.046812125921532007
ISCV,0.1093700206800666
NUMG,0.03856779453860132
EIDO,0.11204170014227607
IPO,0.13322700040750335
ZROZ,0.049136298897570124
SMIN,0.07892853854383931
KCE,0.05124078226691604
RZV,0.14576238034754305
INDS,0.04101272351733006
IHE,0.033932265746810686
EXI,0.07566105744042607
ROUS,0.048866873181777605
CNRG,0.259880768112221
PSJ,0.0777508190372622
PTH,0.11671637172559259
XSW,0.0518707789710837
PRNT,0.08363081011650668
DUSA,0.042121008043643965
UNG,0.3665420561059332
THD,0.07186412447235146
USTB,0.00029030244299428886
EEMS,0.035676721062430604
ONEO,0.06036906603219344
FMHI,0.0026369864022342017
PTF,0.16525162189531603
IBMK,0.00031231526442241806
ULVM,0.06280238692584064
SMMD,0.06760775322469278
BSCR,0.002111143886678947
SDOW,0.8380191806689807
SPBO,0.002737900982434247
KBWY,0.12491462463941332
NUAG,0.0020523982963134083
DWLD,0.03624660836956338
EELV,0.013501517476120873
DOL,0.036539970773555815
RAVI,0.0010688694421633498
SPXS,0.9843365667662418
EWN,0.027473346387762533
FYC,0.12684966311290707
ILTB,0.01041543307914997
PIO,0.02745721430098088
KNG,0.07004327274363462
XITK,0.1215331770447671
VSDA,0.06908774270724166
TMV,0.1889007320726354
KARS,0.06723781766734621
PBD,0.16002618558011927
FAN,0.044876824335050094
XMHQ,0.050009190133496716
UIVM,0.018894694318092684
DEF,0.03401038880637483
PPH,0.03302386784435513
IBML,0.0004265248206639206
TAIL,0.016921151012105267
SOCL,0.07301493649281675
SMB,0.0008879628256769199
IEUS,0.030919930874670327
SYLD,0.0945333346411342
PHDG,0.03132678730411984
PAWZ,0.047062550047707964
TZA,0.9089157499030828
CLRG,0.20718735262024407
ADME,0.03942600051945819
SKOR,0.0015045783306874836
IQDG,0.022540158713977652
TLTE,0.037398062761590925
HFXI,0.03830646939696587
BSJP,0.011082684879675135
IEO,0.1991730171957757
IBDT,0.0031839685631272967
JPIB,0.0037716024063560987
DFE,0.02446462113904825
FLGE,0.254122491936367
WOOD,0.04457356099718033
UWM,0.2853553787532533
JUST,0.046618085933999784
ISDX,0.01165886778377257
FDHY,0.012049831916248449
MORT,0.0761521616229071
IXP,0.039357069953042265
CWEB,0.3907311367767252
TUR,0.10090439267340233
PALL,0.2853495291689052
EZA,0.0790952415429402
SMOG,0.13829995658513383
PKB,0.06320713655707837
MEAR,0.00031120488014754413
EDIV,0.03718184265593188
NUMV,0.08437247360307418
WDIV,0.042393396315052005
ROBT,0.03716701157890744
FDD,0.07324075512968992
FLTB,0.0005277693380452245
GAL,0.010236390322867758
USVM,0.05336590685117618
JMOM,0.04698118874705634
SHE,0.038951690145875184
FCOR,0.002721314690653713
BIBL,0.04718613532451052
DFEN,0.8306036982390276
FTXO,0.1742427699761636
PSP,0.027735199438567486
PBE,0.08386625555689674
MMIT,0.0010053737921255444
BLCN,0.10414884035981757
VIXY,0.4541043217728209
EPOL,0.07539200173100605
IFGL,0.023541439148668884
FXG,0.034210457934387956
EFAX,0.01974592887975459
IGRO,0.03461466288988076
AMZA,0.4077492767125665
BGRN,0.001344079698764466
DOG,0.10189193859585241
RYE,0.18296434500272735
NUBD,0.0011631339478282618
COM,0.027236816454877584
FEMB,0.009916351380470631
MLN,0.0027157533831948777
AIRR,0.07189962211954995
COMB,0.015044025255124632
TFLO,1.4962490035809687e-05
PRN,0.0984419484825955
FQAL,0.05529704327167559
FAD,0.061170258753989085
CURE,0.27498306475143663
CCOR,0.014823987727221963
RTH,0.04193421592235772
FCVT,0.041092295845258156
FXF,0.003986985027963395
IBMM,0.0006493801832644271
YLD,0.009917459243513997
CSB,0.10400647540473955
JPME,0.0830380389257429
BATT,0.09259632723391008
KOLD,1.5297715004277663
XMVM,0.07296621865672981
FNGO,0.4165223544291099
DINT,0.03486080686910766
QGRO,0.052680792374484434
QVAL,0.06388323572392468
DTEC,0.030360725243409634
IQIN,0.07382197565053261
UEVM,0.034349740890929216
BSCS,0.002713745360301694
TIPZ,0.002217435229398936
PGHY,0.008714097801166557
FFTY,0.08673113259445635
VLU,0.10363068473702407
ISCB,0.09704188547489814
PIZ,0.027572535889678545
CDL,0.08151145644432198
RWM,0.10326560677691309
AGZD,0.0009668097335238774
SPFF,0.011152754465176492
FLBR,0.12025031678253312
FLDR,0.0031367030508832002
IFV,0.04213724126921508
CZA,0.09254623488433672
FYT,0.153478572311927
IYLD,0.014089195110775615
CPER,0.03529224675850046
HMOP,0.0014121760518849016
DFJ,0.03388053901593388
FLIA,0.0026986023143214933
SLVP,0.2536227094808879
IBD,0.0034988265324937136
MILN,0.0422398478675207
CACG,0.0498377258261202
CSML,0.07501256914992722
USCI,0.015280894480521957
EWM,0.03494670440125671
FVC,0.08535596585812037
FNK,0.11545114157245039
XPH,0.05422615611148127
TTAC,0.036104183516840464
FXE,0.0035817287861428923
FRI,0.049007335549187736
EQL,0.08373350729560093
DFNL,0.090772501088345
RYU,0.031829429675803704
QID,0.739473708973902
IZRL,0.041913741939634486
EPRF,0.015657972045094563
QINT,0.0208530990450264
PJUL,0.02039567274790642
SMLV,0.07578346548423165
BNO,0.12071718275712864
GVIP,0.05380212548643067
DGRS,0.08286803428708012
XMPT,0.00697605887989118
UGL,0.23437907471410374
FLBL,0.0022069495459110014
JSMD,0.04652967450582491
PIE,0.050023926263554924
FBGX,0.24260822318842046
HAIL,0.10168503187393528
SGDM,0.14895987586775206
SLVO,0.08323190552781969
POCT,0.02149319069959469
ESG,0.04526296338244428
BIB,0.23452721177279887
TTT,0.1745183329328911
BWZ,0.0028370632376233194
GCC,0.013886271545579549
EIS,0.03484963798017229
HEEM,0.032425427324674794
FLEE,0.025020477206241457
DEUS,0.08390155680422749
XSMO,0.0794937006915374
HYZD,0.018876647898256296
VALQ,0.07529880931646889
DBJP,0.05139299099850945
GTIP,0.002294233914253201
TAXF,0.0007230258301377012
ETHO,0.12123761387237879
BRZU,0.7728652695916581
KLDW,0.030873682683173573
GHYB,0.006765438171990543
RFV,0.1268270450133854
VFMO,0.059998559312296404
GHYG,0.011704925690724996
TOK,0.049975890204175304
ISCF,0.019369337672686972
IUS,0.027557319163506244
ESGG,0.0674937184284734
ITEQ,0.08949961624019456
RZG,0.05042595680603959
DIG,0.6044101796139673
PGJ,0.08347817726179396
LRGE,0.06375942973318043
RLY,0.022027110313455136
FXY,0.004724914458442056
JPSE,0.06640746669856087
AIQ,0.05442893231746061
OSCV,0.04663909340439979
MVV,0.2868398761941223
IBMN,0.0006153555912989915
OPER,0.048750412048147736
USOI,0.26584807635178737
CMDY,0.012638375724914417
FXU,0.05770017430939893
KGRN,0.1431497864251776
PBP,0.07063744362368297
WFHY,0.0142518179544655
FSMB,0.0006551986506842754
MLPB,0.114831895110205
FFTI,0.0019314119850268859
RFDI,0.01882070589345504
SBIO,0.10331676915266694
BOIL,1.0580964973840563
AUSF,0.06585436353621812
HYDB,0.015250511279798686
FUMB,0.0006758338112394021
DMRI,0.01478326799637328
QTUM,0.04593907874907447
OMFS,0.1239777686316938
JPEM,0.0415070123632829
DJD,0.09357920613051655
RVNU,0.002261546517192878
FDM,0.0642172887935768
DTH,0.022220438432212438
IGEB,0.0025582280689703273
EBIZ,0.08110108070979094
ADRE,0.06252422158454105
NUDM,0.030593537309711222
KURE,0.0897068086533404
EDEN,0.03276861472685554
VFQY,0.05657224909802298
AIEQ,0.048057939935359936
FXC,0.003126459076791457
ATMP,0.22739712340167814
DDWM,0.029136365655157318
VSMV,0.030509704263788594
MUST,0.0013547313768892109
OUSM,0.05049726834676607
STOT,0.00036149227333496245
PXI,0.16973621825225427
IDOG,0.08339083779963692
IETC,0.11756164949977442
PPTY,0.06145412813209618
FAB,0.09760278926281638
BFOR,0.0409851611973872
SHAG,0.0004946567989061783
USMF,0.03187153014970447
MFMS,0.07722512606819036
WTMF,0.009702695206103338
SPVU,0.10880876704798334
KORP,0.0008244322518820956
RXL,0.12505433775638225
DIVB,0.05001609722631575
JXI,0.02877183138020434
IBND,0.005164051506736568
BSJQ,0.0071947028799649055
HYHG,0.03342176508866043
EDC,0.36316655647328494
QLC,0.06987207609820704
RJA,0.016039062427966003
LEGR,0.0562104453388094
ACWF,0.02916947061561044
PYZ,0.14806514995876613
JSML,0.08727523128679594
RIGS,0.012863733601869357
QQXT,0.042237085324143574
FEMS,0.04649992929400037
PEZ,0.24343901166230708
IGN,0.05550621972900686
FLLV,0.031435548939438424
BYLD,0.001630491785072962
DBAW,0.02234358970832336
TOLZ,0.026111804424584367
PSR,0.03634933302639251
ENZL,0.053769554973380124
EFAD,0.017123216735012332
EEMX,0.03908031220428397
DIM,0.02167538103405726
EDOW,0.08577390227587604
EWMC,0.12066368223942073
OCIO,0.012186989793254768
DRN,0.31755008443025723
EPU,0.061502813896265225
RETL,0.4967275222298985
USDU,0.006794396047813479
RYJ,0.052313582426120345
DOO,0.03576424775315318
IVAL,0.03279445601776059
ECON,0.042827507727399045
GCOW,0.05654711567837048
XHS,0.059426376890128474
HUSV,0.033677589206689715
HYLD,0.02616653859322221
IDHQ,0.03289337515269185
HAWX,0.03011539232403653
XES,0.2946943993927613
BNDC,0.0016520408033672582
HSRT,0.0009008754493553428
DALI,0.08555108172425632
HYGH,0.011430068312155026
AFIF,0.019500233042490926
PWC,0.16111711416544489
RNRG,0.027211926427246732
SPDN,0.06948484898972325
USL,0.08513344715656485
PXE,0.2470682869483546
LSAF,0.043738184862222314
URE,0.13739194418266754
DVOL,0.04280756150352867
RBIN,0.022464915651349636
BLES,0.05627388835718945
RBUS,0.1021595766653505
SRTY,0.8726384782578276
BKF,0.05325971433586617
EWRE,0.07627043815411803
CHAD,0.07848379047339163
PSCI,0.09529177265352347
PICB,0.006157970403722522
IMTB,0.0008673260466302551
EPHE,0.06648296902797089
RFDA,0.0288914388684821
WBND,0.002956244099657488
FDMO,0.04670214956316467
CVY,0.05351772612727179
FLMB,0.0012976867883644433
SLX,0.17377784221198198
NUEM,0.03874594159943756
CBON,0.003439724315381793
GREK,0.15055523630541692
FAAR,0.011183511254036034
CORN,0.032682874611560817
GDMA,0.025598264230929053
FLCH,0.05716320799636298
MFEM,0.04505127435349885
MBSD,0.0007839161925660232
EQWL,0.08041912717528449
GVAL,0.0574769699888552
LOWC,0.029187782584409717
PIN,0.07918321392385826
INKM,0.013424012659541629
FCAL,0.0023471717212731804
ISMD,0.07364143439286806
ENTR,0.19863891322716698
PZT,0.001711879546516407
FXA,0.0071466945401129755
PFI,0.03452236764647455
QABA,0.14658318578912377
ELD,0.009836613301554597
PSCE,0.2931482876503214
RFCI,0.0018591517890993075
BOCT,0.04805005314524679
HSCZ,0.039806938236447924
FXB,0.009108164593586487
FIBR,0.0009366487879654014
CIL,0.1173230967972701
GLDI,0.03369213311556734
HTAB,0.006006119732062366
VIXM,0.09780229063930644
IPKW,0.029207485754247024
SGDJ,0.14991536895502167
FAZ,0.873219823222484
DBEM,0.027824056818973656
CHGX,0.12649083018218368
VFMF,0.04217810860273333
RJI,0.023744665401917553
SPMO,0.0858631633274476
IIGD,0.0008490804094251451
MXDU,0.10812821490418109
FTXL,0.10914417101615491
DBP,0.08421602022589453
JO,0.1134523373063395
BJUL,0.04732265689976219
PBDM,0.033398415080396815
CHAU,0.2833249588938945
FNI,0.0567062554709849
NURE,0.08478138047760604
BTAL,0.03550591262197748
QSY,0.25440742388135573
FSZ,0.02470736895422119
RESP,0.03837872604687595
PBJ,0.02713188358219793
DBE,0.06899797437898691
GRNB,0.0014560782436035139
EMTL,0.001200926115228527
PSL,0.03794935298206259
GAMR,0.0485276126505934
HAP,0.050046519603722084
FGM,0.027168635594319052
JMUB,0.003631147975925353
MINC,0.0008227492833574755
DMRM,0.0126479909111766
BTEC,0.0933932055588955
TBX,0.003406598252480904
DGT,0.09508969358649526
XTL,0.04778727675186546
QAT,0.031092132883505052
EWUS,0.13553395681119543
DXD,0.3760509930676146
IHY,0.005870733014439109
GENY,0.03550613273698356
FKU,0.13753181714219068
MMTM,0.05851808159071459
PSET,0.13603751656742846
INCO,0.062260584952967074
IAK,0.1315099289367056
MFDX,0.025622977621400235
KEMQ,0.05378901832745423
CUT,0.03674241885398546
DGRE,0.04311152411767247
SZNE,0.06303347670139363
UTRN,0.08936601118104741
MIDU,0.5981216021713303
MFUS,0.07749289922933435
DGP,0.28745019282659345
LQDI,0.04948227142244574
DRIP,1.8130877312464557
IEZ,0.23534415051441235
EWO,0.05138649368291961
QMOM,0.17234410361177216
BJK,0.05234729063827397
CEFS,0.08693710696157644
INDL,0.35939152031007626
EWZS,0.1666894250182746
GOAU,0.16088709079787436
SCO,0.7240222540406347
JPXN,0.0335055602076473
FILL,0.117171732788878
PFFR,0.024707544968687996
TTAI,0.03827512877300211
EYLD,0.03070174210878027
FDNI,0.12288518390417436
FIDI,0.09865705574016233
JHMT,0.06283882773188805
ACSI,0.07908648177284122
EIRL,0.050554638696664864
LVHI,0.02614539224773002
PY,0.21649014076466783
QEMM,0.02287657875802874
SHYL,0.002804975048226876
IQDY,0.033838959099904434
FFIU,0.00150082380864386
FEUZ,0.03164243740491646
ISRA,0.06868588581809343
VEGI,0.05633498507464405
OIL,0.11829236090585735
UGA,0.13592336624920576
EVX,0.0658176601072299
JJC,0.04504474340531641
JPMB,0.012234059459741802
CARZ,0.08310757331323818
BUFF,0.06869650517272298
SCJ,0.031110216000302143
WEAT,0.05326405494161779
EWSC,0.10453723080697304
KBWP,0.0712075091425348
AADR,0.03473211114279621
HDMV,0.015765487761463408
ISHG,0.0030605399301234706
PST,0.012532415052812737
PBS,0.04133627891864995
ECNS,0.05069004592944805
LOUP,0.0669732277470928
GLIN,0.07066020977313058
HDGE,0.059230716872260336
TPOR,0.5350992155534483
WPS,0.024823418203334863
IMOM,0.037334447328624315
AMUB,0.08823336669806527
FDIV,0.059308200582107576
BCD,0.010591776689614535
KBWR,0.1345503059676485
PUTW,0.0871697410043364
PHYL,0.007347512222492133
DGL,0.045302892857961886
CSD,0.08619828071272771
UYM,0.2182015681327014
UOCT,0.011044525325650997
HYXU,0.00694497969135117
IQDE,0.018066845517301127
HIPS,0.04364116886664089
GURU,0.05019836757009019
CSF,0.09613432686573657
MOTI,0.034989952314081
DALT,0.06723402344325669
SDEM,0.04044755242272904
FMF,0.010539070735990896
TWM,0.40064841550656394
DUST,0.9474905963510412
IBDD,0.0008149478987211241
EBLU,0.02945345710603851
SIMS,0.09396874873045125
FLKR,0.060006404258193764
WBIY,0.13505733073004306
WANT,0.2868764256383245
FLMI,0.013912751885246207
HEWG,0.16945259813635863
YANG,0.5084164196753269
AGNG,0.03326615971613403
FLQM,0.11692288074134355
NFTY,0.5357726883602335
UBT,0.08439691170555486
SPUU,0.15418671588438096
EUDG,0.029387101855120272
GMOM,0.010117055243585728
EUO,0.016292182626313326
LKOR,0.060852783498611465
LEAD,0.062164709307301745
FRLG,0.23789946778766213
ENFR,0.10267639770390731
MRGR,0.0034579440750810136
AFK,0.04956111197139119
EMCB,0.05530463677026565
CHIX,0.0755364317585028
SJB,0.009290604573911189
DEW,0.06348913285479461
CPI,0.0018224642287017658
OILK,0.12375806139487214
DEEF,0.017056936819503155
EUSC,0.029681788523719353
PBTP,0.00030500434875788975
DRW,0.02858348105518516
UCIB,11.18885344643998
PSCD,0.09915982679595338
BDCZ,0.02362796486827187
UMDD,0.47702138677761835
JDIV,0.06943701139548757
PWS,0.03569607430372923
QWLD,0.040786078309689354
BDRY,0.3922276067472773
JIGB,0.004058234650116338
UDN,0.0032193973156281865
DEEP,0.08940212745211194
ENOR,0.04845516270585139
JHMH,0.0342322711593598
XCEM,0.03711646639374643
IDX,0.09337088580902755
ICOW,0.03936535734002112
DUSL,0.5829630977084316
IIGV,0.003519337191892235
CLIX,0.06022770125441922
XRLV,0.04879651082637289
DDIV,0.08168794719516949
RUSL,0.318685703092787
UJUL,0.013110932645637495
VFLQ,0.06870286765302389
WBII,0.018355281477835477
GAA,0.03278357598165686
DURA,0.03654012523761256
PVI,0.00028158591215809796
PSCC,0.04131068568733187
ARCM,0.00024368855112121083
EET,0.1604992931041028
PTEU,0.013942904850883323
DVYA,0.0370146664910882
VFMV,0.022270419230225786
SPDV,0.08147567652635025
FLSW,0.03236614878867772
WFIG,0.0031215676759995758
WBIF,0.044381208747286946
SPVM,0.07711315972768869
FFTG,0.01608719243997933
PSCF,0.11361988977469731
DBLV,0.08102686677383955
LSST,0.0001922865039381198
IVES,0.06625041281248746
RFEM,0.04132356095660488
FTHI,0.03611057248637653
TECS,2.024466056973532
LFEQ,0.10962915259978355
IUSS,0.016491438504884406
EWCO,0.051782921152936416
CNXT,0.09671077807771725
FLIN,0.057816338475440474
PFIG,0.0015437840611145642
PUI,0.0330425788392727
DDLS,0.02781626673163319
GOEX,0.16964763533409263
EURL,0.3301688799242811
VMOT,0.013301864701809857
ROOF,0.07877450643736886
FYLD,0.09320400475736053
TRTY,0.008402989975999446
FLTW,0.03647061570957434
RFFC,0.03459878236219108
HDG,0.011532244794311515
PXQ,0.06851295856911314
NGE,0.49815257329655716
WBIG,0.017884816127686935
ZSL,1.263239252083202
WBIL,0.019110849892429865
FID,0.05277988598277804
FFHG,0.04482485426543942
RINF,0.011213193239333945
DMRS,0.013897759302578794
SAA,0.3020300026416324
KORU,0.5482628267727193
BSBE,0.01945926669810901
EUM,0.04506893481183513
SMHB,0.7403367864699238
IEIH,0.03583146433733314
FFSG,0.05679428082557562
UTES,0.029704570994403368
PQIN,0.05407862969436537
ASHS,0.0820204174331589
PBSM,0.12461664211848454
ROAM,0.028129527499375216
SOYB,0.02189317616966503
TCTL,0.04710807219388305
DAX,0.1614879877572242
XWEB,0.09614320847420661
UBOT,0.31014549002261715
SFIG,0.00098721025209884
FIVA,0.02782983604881759
CIZ,0.022205079007391038
BFIT,0.03454661222253659
OEUR,0.020850781682056868
DFND,0.03236461223701686
NUSA,0.00031809586240647946
EWGS,0.02655959851836735
NACP,0.0497131552766505
WOMN,0.11003407522804323
FCEF,0.046238367767917905
FTRI,0.08463326243703412
XSHQ,0.04611979301072633
SNLN,0.0019324985652058723
UTSL,0.25574910640396115
IEHS,0.04387347440627456
HYLV,0.019333341408022658
UCC,0.1478297182050422
FFR,0.031486709963314374
DWMF,0.023669960508957127
GYLD,0.04697349894919328
SPXB,0.0035578424757429215
WLDR,0.04514671300342635
ALTY,0.03493161094747912
CYB,0.005592104463751735
ROSC,0.07981871890621366
FJP,0.042444138019884274
NLR,0.029814589750266234
HOLD,9.191682561220651e-05
DWSH,0.21577598980970808
DXJS,0.04988094867192756
GXG,0.07585058215889057
FLRT,0.010481336391086614
ICOL,0.10768413026659285
PLTM,0.10557381085805073
ASEA,0.06290572178010104
FTXD,0.052810534847021195
XDIV,0.03340037384514794
IDIV,0.42045005554183423
CHIK,0.12720428234004155
BSCE,0.0055218084645716516
LABD,1.1581801606974913
BCM,0.019341906532587494
BBC,0.12015238077472792
RNLC,0.05974138048445688
KHYB,0.02040993745391858
CNCR,0.09338030939165093
GLL,0.1713451698891534
CWS,0.02897138921555456
BRF,0.11839732136870218
RAAX,0.040080268660092094
EFZ,0.053539568132125744
UAE,0.0419544043626997
FLCA,0.040636409927182655
FLAX,0.038496016498515806
KOIN,0.042600044996543115
SPXE,0.04489095729248172
IBCE,0.001376185119833552
DXGE,0.21033882400046688
FIHD,0.19236643805907935
ASET,0.01973967256665155
EDZ,0.3989920338068992
RNDM,0.013728899528846308
JHMF,0.1356146579478992
TYO,0.029020092911004238
IAUF,0.04980070761512421
EWK,0.06664308344490799
RDOG,0.09427881248427268
UXI,0.23573936494811049
ESEB,0.06779801933722804
ALFA,0.10117281575488846
GRES,0.015290596807684147
VEGA,0.04556867632930538
PSCU,0.05345200048430503
IEDI,0.03825709747954414
ARGT,0.1296095881599765
FLQD,0.06590374668425568
HTUS,0.05562629504554941
GLCN,0.07205497198833527
FITE,0.04604840616552107
RESE,2.149749552461268
SPMV,0.04343590569030558
ERY,1.1227133088736776
DBV,0.005832710042870143
SGG,0.07237439123249297
PILL,0.4683966872358777
CSA,0.1129325283345318
ISEM,0.2746944683548608
QARP,0.043017172625579934
SMCP,3.854862824456439
EFNL,0.0421501075045375
PBND,0.0015265003080195563
FPA,0.06157488334128787
EDOG,0.041262831804257334
RSXJ,0.039745051623028
PEX,0.046130694624880134
EMSG,0.04506172430297331
TUSA,0.19132679941148412
PSMB,0.02756774395209288
HDAW,0.050366990529987145
DVLU,0.15404391688171956
FLAU,0.05542115881039126
YCS,0.021587226368346434
BICK,0.06061145534250477
NIB,0.08267301784678134
ESHY,0.005116299521798261
TYD,0.03465215489958957
JJN,0.07401997309323981
PSCM,0.19479206771933663
FLQE,0.022449803983728974
HYUP,0.007996695037288918
VAMO,0.09829479121505554
ERM,0.08495814213374228
BSDE,0.033728176084092905
CANE,0.036604741649842204
RFEU,0.034913155256596655
JHMS,0.04094416337743991
JHMC,0.033977873322860376
USAI,0.10391057287459426
EGPT,0.048572010007179436
EINC,0.13741333754334775
FLRU,0.058890690732606416
QDYN,0.04785565350424728
NFLT,0.003843717760976339
ESGS,0.0895956439475358
ROKT,0.1082255652342711
FXP,0.2245646315007575
GSP,0.05956885614230811
PXJ,0.21873295660227823
MLPO,0.411493303279201
FLEH,0.10832921270867381
RNMC,0.0939141207168611
PAK,0.05985990231395254
CN,0.053427925394207466
PSMM,0.01621341917122634
SQLV,0.11533466462754374
PSMG,0.03975858369664248
JJG,0.035327196999435546
EMFM,0.026696449064022958
KALL,0.05709688459060876
JMIN,0.05440528862151192
UPW,0.10994795728907998
UST,0.012652800794338432
COW,0.0432091704601725
JHME,0.15388748964338927
EASG,0.04234260351989452
XSHD,0.10561716169558495
QED,0.008520755001347951
GSEU,0.021270013764084737
RNDV,0.20191782088188104
MCEF,0.04274212978947491
DRV,0.5529136835694338
CRAK,0.07503609998384056
JPN,0.03260827528411248
EMDV,0.032548332060310124
YLDE,0.07530838317281943
QLS,0.029079126508508635
IPOS,0.07171907123115284
CID,0.028390189827947773
BBP,0.09421737770341157
RNSC,0.08421904433430817
HEWC,0.013788775078955647
IDHD,0.07346990960892275
FLGR,0.0383889832965857
PFFL,0.24919926259486702
FLHK,0.045133823179355284
JHMA,0.09078782643364318
JHMU,0.03284235493782628
BAL,0.046308464935062514
JJT,1.0947453128730396
DBS,0.33073714785036906
JHMI,0.07219476832376076
PYPE,0.09130855598331339
FLQS,0.11542254409866164
QMN,0.0009449334815764278
FTXH,0.04560513512871327
FEUL,0.146188226468358
FLQH,0.03405797165066854
BOUT,0.09276024596997681
UGE,0.3604095772781049
XPP,0.2218969938118583
UNL,0.07403676125350842
EMIF,0.04976091017048004
DUG,0.8883028862780058
BZQ,0.668810213634089
FLQG,0.023075439081845173
DWCR,0.0035820194740662516
CEY,0.03027892160373695
IEME,0.0352648082734822
PSMC,0.003866500122282221
FIEE,0.18814623282562212
DBEZ,0.10916361556307838
BOSS,0.055241022217625724
IECS,0.02720693187789796
SRS,0.17373473837499578
GSJY,0.0314153250483039
CHIS,0.07888687270194793
MEXX,0.7766640747132788
ASHX,0.07482239955069267
EFAS,0.10864605812747313
CHIH,0.07798971990788281
FDTS,0.1359475562381342
CEW,0.003945306785053843
HEWU,0.056597749694604405
MAGA,0.09293735169286885
GNAF,0.1156640821434209
EFO,0.09051006786018412
LBJ,0.635400208117712
DBGR,0.14163602813586842
EUDV,0.019566069392130295
INFR,0.1758682327345237
FLJH,0.06216890483842219
SKF,0.3556398688190802
JJM,0.03249675633449061
DWPP,0.01949703274205149
QDIV,0.07517120157108052
CHIC,0.07972247770852059
KFYP,0.0782379606671773
IMLP,0.23403442640482577
DWMC,0.4184257765117009
AIIQ,0.023304829899705767
JJA,0.03165687598862894
PBEE,0.04729910081790781
FLM,0.05008153176767283
FPXE,0.5101158836886692
EQRR,0.6857164591532806
EMSH,0.00149255885754614
FLFR,0.07999618389103255
JJU,0.03300084462084996
USLB,0.12670172730999502
FLMX,0.08546599484062514
CHNA,0.07227490215230677
PGAL,0.055083286016271465
TAGS,0.05291178027705078
UJB,0.029860229343612106
ALTS,0.004995883557266408
MYY,0.10925583367577699
YXI,0.056905940840453535
FCA,0.07265903719269381
FTLB,0.04580165276067508
CHIM,0.08071939811697212
SPXT,0.09963828413365781
EZJ,0.14731012906961885
SPXN,0.04719764262795977
OBOR,0.03448143060406916
IDMO,0.02824135581748606
GAZ,0.30185758662128737
AFTY,0.0706364710329472
IEFN,0.13150500580052432
BIS,0.289086947743392
CHIE,0.06345994502334183
CHII,0.0574995581931498
EPV,0.29320698718869376
REK,0.042836278532998005
FLN,0.08962492459556429
ESCR,0.019294376832037993
SDCI,0.015624476244546265
RESD,0.004989073888223959
FBZ,0.1291109192835219
JJS,0.054681418917520444
IDLB,0.12848915949151316
EEMD,0.03488541981689709
SEF,0.08307241033016645
VWID,0.04459131740705988
DZZ,0.526769694353624
RNEM,0.036618773271061944
EEV,0.1822989234993905
FTXG,0.17005791957254823
SLT,0.08420709999137922
AGT,0.12225475752604989
FUT,0.0026388086710083195
BLHY,0.022747628159688775
JJP,0.10290006307738685
EEMO,0.05421411119260456
GRU,0.40060534243853807
EMBH,0.008903036908255986
ISZE,0.02508018336763418
EMTY,0.0844147242040384
SDGA,0.03313339579530059
RODE,0.032388765315322025
FTAG,0.44758605168712484
SMDD,0.9170887952757345
RJZ,0.2979230220010987
UBR,0.5419880897724846
CHIR,0.11439315335157417
FAIL,0.08602245975473795
ESGN,0.04340755085391362
UPV,0.1168150970510373
RALS,0.008163417474585374
FLZA,0.09226816257861109
PGM,0.2441617486288103
SPXV,0.06175234449327391
WIL,0.42940446766207807
RJN,0.1331516087521006
MCRO,0.00473319530983256
DWAT,0.0010475828481495383
SBB,0.11083002292834748
FLIY,0.03365431486603188
FLLA,0.09806927246909998
JJE,0.19115118452786992
DIVA,0.030261039469012586
HJPX,0.05572857031722557
DGZ,0.04958732891846626
EWV,0.16286111196292632
FLSA,0.03206002978534535
REW,0.3873150163356336
ULE,0.01730918629144227
RXD,0.1744087136235245
SDD,0.4258993228584055
USEQ,0.08674392014618193
SMN,0.3554423159192131
KMED,0.0539543179003173
RODI,0.03874291904661375
SSG,0.4374758141273764
EURZ,0.04317880117183232
DDG,0.21296708744635018
FNGZ,0.46319266289894456
CROC,0.03825174897042287
EMMF,0.027638743992913925
LTL,0.2072371099100331
YCL,0.01998304750555025
DMDV,0.25946554313198156
PEXL,0.04741930767770709
EUFX,0.011468103317400984
SBM,0.08613213877985018
CHIU,0.0317945852881089
MZZ,0.42541211860302963
SIJ,0.484969053119282
EEH,2.424780867041655
SDP,0.14699947008330153
FUE,0.04762613796009016
EFU,0.129475490523918
SZK,0.34043937787357503
LD,0.01902265785416726
SCC,0.15670738760177869
